strategy,total_return_pct,ann_return_pct,ann_vol_pct,sharpe,max_drawdown_pct,win_rate_pct,model_name,total_return_gross,total_return_net,annualized_return_net,annualized_volatility_net,sharpe_net,max_drawdown_net,win_rate_net,number_of_trades,total_transaction_cost,percent_time_in_market,return_by_regime,source,data_tier,currency_pair,sample_start,sample_end,observations,run_timestamp,config_hash,model_version,price_convention,frequency
random_walk_model,0.0,0.0,0.0,0.0,0.0,0.0,random_walk_model,0.0,0.0,0.0,0.0,0.0,0.0,0.0,0,0.0,0.0,R1_trend_high_vol:0.00; R2_trend_low_vol:0.00; R3_range_high_vol:0.00; R4_range_low_vol:0.00,fred_h10,official,USD/MXN,2001-05-22,2026-05-22,6267,2026-05-30T22:46:47+00:00,b4bb57219399,fx_lab_v1,DEXMXUS,daily
buy_and_hold_model,82.87,2.49,11.39,0.273,-35.04,48.0,buy_and_hold_model,82.91,82.87,2.49,11.39,0.273,-35.04,48.0,1,0.02,100.0,R1_trend_high_vol:10.32; R2_trend_low_vol:-1.90; R3_range_high_vol:23.76; R4_range_low_vol:-3.02,fred_h10,official,USD/MXN,2001-05-22,2026-05-22,6267,2026-05-30T22:46:47+00:00,b4bb57219399,fx_lab_v1,DEXMXUS,daily
always_flat_model,0.0,0.0,0.0,0.0,0.0,0.0,always_flat_model,0.0,0.0,0.0,0.0,0.0,0.0,0.0,0,0.0,0.0,R1_trend_high_vol:0.00; R2_trend_low_vol:0.00; R3_range_high_vol:0.00; R4_range_low_vol:0.00,fred_h10,official,USD/MXN,2001-05-22,2026-05-22,6267,2026-05-30T22:46:47+00:00,b4bb57219399,fx_lab_v1,DEXMXUS,daily
ma_crossover_model,34.01,1.2,11.39,0.162,-39.88,51.2,ma_crossover_model,40.452,34.01,1.2,11.39,0.162,-39.88,51.2,118,4.7,100.0,R1_trend_high_vol:1.26; R2_trend_low_vol:4.47; R3_range_high_vol:-11.48; R4_range_low_vol:-5.80,fred_h10,official,USD/MXN,2001-05-22,2026-05-22,6267,2026-05-30T22:46:47+00:00,b4bb57219399,fx_lab_v1,DEXMXUS,daily
regime_trend_model,6.22,0.25,10.95,0.077,-45.71,44.6,regime_trend_model,11.417,6.22,0.25,10.95,0.077,-45.71,44.6,239,4.78,87.2,R1_trend_high_vol:0.07; R2_trend_low_vol:2.79; R3_range_high_vol:-8.70; R4_range_low_vol:-3.68,fred_h10,official,USD/MXN,2001-05-22,2026-05-22,6267,2026-05-30T22:46:47+00:00,b4bb57219399,fx_lab_v1,DEXMXUS,daily
r2_only_model,-16.14,-0.71,6.42,-0.08,-46.81,25.8,r2_only_model,-9.243,-16.14,-0.71,6.42,-0.08,-46.81,25.8,395,7.9,50.3,R1_trend_high_vol:-4.61; R2_trend_low_vol:3.25; R3_range_high_vol:-3.70; R4_range_low_vol:-3.40,fred_h10,official,USD/MXN,2001-05-22,2026-05-22,6267,2026-05-30T22:46:47+00:00,b4bb57219399,fx_lab_v1,DEXMXUS,daily
r2_only_vol_scaled_model,-17.06,-0.76,6.11,-0.094,-45.99,25.8,r2_only_vol_scaled_model,-10.293,-17.06,-0.76,6.11,-0.094,-45.99,25.8,1036,7.8364,50.3,R1_trend_high_vol:-4.19; R2_trend_low_vol:2.80; R3_range_high_vol:-3.69; R4_range_low_vol:-3.35,fred_h10,official,USD/MXN,2001-05-22,2026-05-22,6267,2026-05-30T22:46:47+00:00,b4bb57219399,fx_lab_v1,DEXMXUS,daily
r1_risk_off_model,-16.14,-0.71,6.42,-0.08,-46.81,25.8,r1_risk_off_model,-9.243,-16.14,-0.71,6.42,-0.08,-46.81,25.8,395,7.9,50.3,R1_trend_high_vol:-4.61; R2_trend_low_vol:3.25; R3_range_high_vol:-3.70; R4_range_low_vol:-3.40,fred_h10,official,USD/MXN,2001-05-22,2026-05-22,6267,2026-05-30T22:46:47+00:00,b4bb57219399,fx_lab_v1,DEXMXUS,daily
volatility_breakout_model,-21.24,-0.97,3.61,-0.252,-33.13,7.8,volatility_breakout_model,-2.994,-21.24,-0.97,3.61,-0.252,-33.13,7.8,1041,20.84,16.1,R1_trend_high_vol:-1.74; R2_trend_low_vol:-0.76; R3_range_high_vol:5.30; R4_range_low_vol:-0.10,fred_h10,official,USD/MXN,2001-05-22,2026-05-22,6267,2026-05-30T22:46:47+00:00,b4bb57219399,fx_lab_v1,DEXMXUS,daily
mean_reversion_range_model,-30.02,-1.44,2.66,-0.534,-32.33,3.8,mean_reversion_range_model,-25.119,-30.02,-1.44,2.66,-0.534,-32.33,3.8,335,6.76,8.3,R1_trend_high_vol:-0.89; R2_trend_low_vol:-1.00; R3_range_high_vol:-9.29; R4_range_low_vol:-3.53,fred_h10,official,USD/MXN,2001-05-22,2026-05-22,6267,2026-05-30T22:46:47+00:00,b4bb57219399,fx_lab_v1,DEXMXUS,daily
carry_proxy_model,-1.02,-0.04,3.63,0.007,-13.46,8.7,carry_proxy_model,1.103,-1.02,-0.04,3.63,0.007,-13.46,8.7,106,2.12,16.5,R1_trend_high_vol:0.15; R2_trend_low_vol:0.14; R3_range_high_vol:2.66; R4_range_low_vol:-1.56,fred_h10,official,USD/MXN,2001-05-22,2026-05-22,6267,2026-05-30T22:46:47+00:00,b4bb57219399,fx_lab_v1,DEXMXUS,daily
carry_regime_model,-10.39,-0.45,1.78,-0.242,-15.41,2.7,carry_regime_model,-7.034,-10.39,-0.45,1.78,-0.242,-15.41,2.7,184,3.68,5.5,R1_trend_high_vol:-0.62; R2_trend_low_vol:-0.13; R3_range_high_vol:0.00; R4_range_low_vol:-1.31,fred_h10,official,USD/MXN,2001-05-22,2026-05-22,6267,2026-05-30T22:46:47+00:00,b4bb57219399,fx_lab_v1,DEXMXUS,daily
r2_carry_confirmed_model,2.38,0.1,3.68,0.044,-23.38,8.4,r2_carry_confirmed_model,6.385,2.38,0.1,3.68,0.044,-23.38,8.4,192,3.84,16.4,R1_trend_high_vol:-0.59; R2_trend_low_vol:1.11; R3_range_high_vol:-0.03; R4_range_low_vol:-1.72,fred_h10,official,USD/MXN,2001-05-22,2026-05-22,6267,2026-05-30T22:46:47+00:00,b4bb57219399,fx_lab_v1,DEXMXUS,daily
dollar_stress_model,90.35,2.66,9.99,0.312,-28.06,29.0,dollar_stress_model,114.747,90.35,2.66,9.99,0.312,-28.06,29.0,603,12.06,60.4,R1_trend_high_vol:9.15; R2_trend_low_vol:-1.43; R3_range_high_vol:24.58; R4_range_low_vol:-1.16,fred_h10,official,USD/MXN,2001-05-22,2026-05-22,6267,2026-05-30T22:46:47+00:00,b4bb57219399,fx_lab_v1,DEXMXUS,daily
flow_pressure_model,-10.65,-0.46,9.36,-0.002,-37.23,34.1,flow_pressure_model,-0.471,-10.65,-0.46,9.36,-0.002,-37.23,34.1,539,10.78,72.1,R1_trend_high_vol:4.29; R2_trend_low_vol:-3.12; R3_range_high_vol:22.12; R4_range_low_vol:-5.35,fred_h10,official,USD/MXN,2001-05-22,2026-05-22,6267,2026-05-30T22:46:47+00:00,b4bb57219399,fx_lab_v1,DEXMXUS,daily
ensemble_vote_model,76.76,2.35,9.05,0.302,-25.93,25.4,ensemble_vote_model,92.784,76.76,2.35,9.05,0.302,-25.93,25.4,434,8.68,50.6,R1_trend_high_vol:5.75; R2_trend_low_vol:2.02; R3_range_high_vol:9.93; R4_range_low_vol:-6.20,fred_h10,official,USD/MXN,2001-05-22,2026-05-22,6267,2026-05-30T22:46:47+00:00,b4bb57219399,fx_lab_v1,DEXMXUS,daily
news_stress_risk_off_model,0.0,0.0,0.0,0.0,0.0,0.0,news_stress_risk_off_model,0.0,0.0,0.0,0.0,0.0,0.0,0.0,0,0.0,0.0,R1_trend_high_vol:0.00; R2_trend_low_vol:0.00; R3_range_high_vol:0.00; R4_range_low_vol:0.00,fred_h10,official,USD/MXN,2001-05-22,2026-05-22,6267,2026-05-30T22:46:47+00:00,b4bb57219399,fx_lab_v1,DEXMXUS,daily
r2_news_confirmed_model,-20.48,-0.93,5.78,-0.133,-43.35,21.2,r2_news_confirmed_model,-4.625,-20.48,-0.93,5.78,-0.133,-43.35,21.2,909,18.18,40.9,R1_trend_high_vol:-3.66; R2_trend_low_vol:1.69; R3_range_high_vol:-1.14; R4_range_low_vol:-2.26,fred_h10,official,USD/MXN,2001-05-22,2026-05-22,6267,2026-05-30T22:46:47+00:00,b4bb57219399,fx_lab_v1,DEXMXUS,daily
news_flow_pressure_model,0.0,0.0,0.0,0.0,0.0,0.0,news_flow_pressure_model,0.0,0.0,0.0,0.0,0.0,0.0,0.0,0,0.0,0.0,R1_trend_high_vol:0.00; R2_trend_low_vol:0.00; R3_range_high_vol:0.00; R4_range_low_vol:0.00,fred_h10,official,USD/MXN,2001-05-22,2026-05-22,6267,2026-05-30T22:46:47+00:00,b4bb57219399,fx_lab_v1,DEXMXUS,daily
